image_names,cell_types,xmin,xmax,ymin,ymax
00204.jpg,sperm,66,83,85,112
00204.jpg,sperm,193,50,212,79
00204.jpg,sperm,134,57,153,86
00204.jpg,sperm,29,106,48,135
00204.jpg,sperm,10,41,29,70
00204.jpg,sperm,25,15,44,44
00204.jpg,sperm,224,185,258,202
00204.jpg,sperm,289,172,323,189
00204.jpg,sperm,304,150,338,167
00204.jpg,sperm,325,38,359,55
00204.jpg,sperm,316,48,335,67
00204.jpg,sperm,293,16,312,45
00204.jpg,sperm,332,7,351,36
00204.jpg,sperm,343,4,362,33
00204.jpg,sperm,52,236,86,253
00204.jpg,sperm,268,283,302,300
00204.jpg,sperm,161,327,180,356
00204.jpg,sperm,49,381,68,410
00204.jpg,sperm,225,389,244,418
00204.jpg,sperm,275,433,294,462
00204.jpg,sperm,170,301,190,318
00204.jpg,sperm,350,269,373,292
00204.jpg,sperm,182,320,202,337
00204.jpg,sperm,190,432,209,461
00204.jpg,sperm,177,454,197,471
00204.jpg,sperm,156,429,176,446
00204.jpg,sperm,67,458,91,475
00204.jpg,sperm,16,402,36,419
00204.jpg,sperm,25,365,45,384
00204.jpg,sperm,28,353,42,367
00204.jpg,sperm,200,362,220,379
00204.jpg,sperm,247,386,266,415
00204.jpg,sperm,317,335,336,365
00204.jpg,sperm,108,286,126,308
00204.jpg,sperm,65,286,84,309
00204.jpg,sperm,2,150,22,169
00204.jpg,sperm,84,370,104,387
00204.jpg,sperm,377,189,396,218
00204.jpg,sperm,415,24,434,53
00204.jpg,sperm,464,18,491,36
00204.jpg,sperm,467,107,498,127
00204.jpg,sperm,480,176,511,196
00204.jpg,sperm,461,161,480,190
00204.jpg,sperm,411,248,442,268
00204.jpg,sperm,214,344,234,361
00204.jpg,sperm,339,192,362,215
00204.jpg,sperm,436,196,450,209
00204.jpg,sperm,471,227,494,250
00204.jpg,sperm,502,262,525,285
00204.jpg,sperm,510,317,533,340
00204.jpg,sperm,425,183,440,197
00204.jpg,sperm,394,58,417,81
00204.jpg,sperm,355,88,378,111
00204.jpg,sperm,427,144,450,167
00204.jpg,sperm,434,110,457,133
00204.jpg,sperm,461,56,484,79
00204.jpg,sperm,447,382,466,411
00204.jpg,sperm,427,319,446,348
00204.jpg,sperm,541,284,560,313
00204.jpg,sperm,564,180,582,210
00204.jpg,sperm,562,321,581,350
00204.jpg,sperm,443,438,462,467
00204.jpg,sperm,522,431,541,460
00204.jpg,sperm,348,419,367,448
00204.jpg,sperm,115,267,131,281
00204.jpg,sperm,125,146,145,165
00205.jpg,sperm,305,128,325,147
00205.jpg,sperm,112,15,132,34
00205.jpg,sperm,95,7,115,26
00205.jpg,sperm,94,351,128,368
00205.jpg,sperm,482,445,505,468
00205.jpg,sperm,468,336,491,359
00205.jpg,sperm,444,330,467,353
00205.jpg,sperm,27,24,42,46
00205.jpg,sperm,8,41,23,63
00205.jpg,sperm,65,82,84,110
00205.jpg,sperm,193,49,212,77
00205.jpg,sperm,130,59,154,79
00205.jpg,sperm,4,152,19,172
00205.jpg,sperm,35,109,54,128
00205.jpg,sperm,12,109,31,128
00205.jpg,sperm,49,236,81,254
00205.jpg,sperm,225,186,257,204
00205.jpg,sperm,287,170,319,188
00205.jpg,sperm,308,147,340,165
00205.jpg,sperm,125,149,140,169
00205.jpg,sperm,329,39,361,57
00205.jpg,sperm,314,49,335,66
00205.jpg,sperm,359,95,372,110
00205.jpg,sperm,370,86,382,101
00205.jpg,sperm,108,50,127,69
00205.jpg,sperm,376,191,397,223
00205.jpg,sperm,250,53,274,73
00205.jpg,sperm,349,7,363,30
00205.jpg,sperm,334,26,349,40
00205.jpg,sperm,122,274,138,287
00205.jpg,sperm,178,311,194,323
00205.jpg,sperm,161,326,180,352
00205.jpg,sperm,174,320,190,332
00205.jpg,sperm,264,282,296,300
00205.jpg,sperm,347,273,372,291
00205.jpg,sperm,315,336,337,356
00205.jpg,sperm,198,364,220,384
00205.jpg,sperm,217,344,239,364
00205.jpg,sperm,132,362,154,382
00205.jpg,sperm,46,382,66,415
00205.jpg,sperm,226,388,246,421
00205.jpg,sperm,276,430,296,463
00205.jpg,sperm,348,416,368,449
00205.jpg,sperm,191,428,210,458
00205.jpg,sperm,159,432,181,452
00205.jpg,sperm,70,452,91,476
00205.jpg,sperm,173,450,195,470
00205.jpg,sperm,12,396,33,420
00205.jpg,sperm,25,350,46,374
00205.jpg,sperm,65,282,84,310
00205.jpg,sperm,292,403,314,423
00205.jpg,sperm,244,383,266,403
00205.jpg,sperm,345,193,369,213
00205.jpg,sperm,472,18,494,37
00205.jpg,sperm,413,29,435,48
00205.jpg,sperm,466,109,498,124
00205.jpg,sperm,482,178,514,193
00205.jpg,sperm,410,248,442,263
00205.jpg,sperm,429,146,455,161
00205.jpg,sperm,390,59,408,74
00205.jpg,sperm,462,56,481,74
00205.jpg,sperm,426,323,448,343
00205.jpg,sperm,508,263,530,283
00205.jpg,sperm,474,230,496,250
00205.jpg,sperm,541,245,563,265
00205.jpg,sperm,540,288,563,319
00205.jpg,sperm,508,304,531,335
00205.jpg,sperm,479,336,501,356
00205.jpg,sperm,446,338,468,358
00205.jpg,sperm,466,356,488,376
00205.jpg,sperm,445,379,465,412
00205.jpg,sperm,441,434,461,467
00205.jpg,sperm,524,426,544,459
00205.jpg,sperm,483,450,505,470
00205.jpg,sperm,562,180,583,212
00205.jpg,sperm,435,108,454,136
00205.jpg,sperm,459,162,478,190
00221.jpg,sperm,500,121,522,141
00221.jpg,sperm,433,198,452,215
00221.jpg,sperm,412,178,434,198
00221.jpg,sperm,421,1,443,20
00221.jpg,sperm,109,283,126,303
00221.jpg,sperm,93,352,129,368
00221.jpg,sperm,555,51,577,71
00221.jpg,sperm,67,40,96,57
00221.jpg,sperm,85,88,107,113
00221.jpg,sperm,137,89,168,108
00221.jpg,sperm,241,81,261,108
00221.jpg,sperm,248,28,268,55
00221.jpg,sperm,301,55,321,82
00221.jpg,sperm,338,38,358,65
00221.jpg,sperm,283,153,303,180
00221.jpg,sperm,196,162,217,191
00221.jpg,sperm,177,193,195,220
00221.jpg,sperm,192,61,210,88
00221.jpg,sperm,169,29,187,56
00221.jpg,sperm,110,56,128,83
00221.jpg,sperm,216,12,237,34
00221.jpg,sperm,180,5,203,23
00221.jpg,sperm,210,39,237,57
00221.jpg,sperm,365,10,382,39
00221.jpg,sperm,247,154,264,183
00221.jpg,sperm,26,117,55,133
00221.jpg,sperm,133,133,150,161
00221.jpg,sperm,295,195,312,223
00221.jpg,sperm,340,197,357,225
00221.jpg,sperm,444,245,467,258
00221.jpg,sperm,211,206,234,224
00221.jpg,sperm,105,223,131,241
00221.jpg,sperm,34,225,62,244
00221.jpg,sperm,201,92,225,105
00221.jpg,sperm,219,72,236,86
00221.jpg,sperm,188,134,201,154
00221.jpg,sperm,346,121,359,136
00221.jpg,sperm,317,84,337,105
00221.jpg,sperm,101,187,121,208
00221.jpg,sperm,119,10,133,33
00221.jpg,sperm,106,7,120,31
00221.jpg,sperm,171,127,188,147
00221.jpg,sperm,164,157,181,177
00221.jpg,sperm,152,179,169,199
00221.jpg,sperm,139,160,156,180
00221.jpg,sperm,154,136,171,156
00221.jpg,sperm,161,228,178,248
00221.jpg,sperm,124,210,144,226
00221.jpg,sperm,131,194,151,210
00221.jpg,sperm,86,157,106,173
00221.jpg,sperm,87,175,101,193
00221.jpg,sperm,68,180,82,198
00221.jpg,sperm,84,192,96,206
00221.jpg,sperm,23,208,37,223
00221.jpg,sperm,21,190,35,205
00221.jpg,sperm,228,255,256,274
00221.jpg,sperm,95,305,123,324
00221.jpg,sperm,94,335,122,354
00221.jpg,sperm,58,309,86,328
00221.jpg,sperm,266,334,294,353
00221.jpg,sperm,277,255,305,274
00221.jpg,sperm,311,253,339,272
00221.jpg,sperm,176,317,195,346
00221.jpg,sperm,213,296,229,321
00221.jpg,sperm,172,383,188,408
00221.jpg,sperm,99,407,115,432
00221.jpg,sperm,1,343,16,364
00221.jpg,sperm,37,329,53,354
00221.jpg,sperm,156,443,172,468
00221.jpg,sperm,208,359,224,384
00221.jpg,sperm,246,387,259,408
00221.jpg,sperm,272,389,285,410
00221.jpg,sperm,353,322,369,349
00221.jpg,sperm,255,378,269,395
00221.jpg,sperm,347,251,366,278
00221.jpg,sperm,142,295,158,322
00221.jpg,sperm,128,346,144,373
00221.jpg,sperm,143,262,159,289
00221.jpg,sperm,355,393,383,412
00221.jpg,sperm,172,259,200,278
00221.jpg,sperm,1,433,22,449
00221.jpg,sperm,282,442,296,462
00221.jpg,sperm,239,456,256,473
00221.jpg,sperm,178,440,192,460
00221.jpg,sperm,192,435,205,450
00221.jpg,sperm,197,454,210,473
00221.jpg,sperm,380,330,392,356
00221.jpg,sperm,48,378,62,404
00221.jpg,sperm,19,371,33,390
00221.jpg,sperm,73,430,84,453
00221.jpg,sperm,83,437,94,460
00221.jpg,sperm,409,331,425,352
00221.jpg,sperm,393,325,408,339
00221.jpg,sperm,389,335,407,349
00221.jpg,sperm,298,394,311,407
00221.jpg,sperm,307,404,320,417
00221.jpg,sperm,405,395,433,414
00221.jpg,sperm,303,226,320,250
00221.jpg,sperm,111,263,129,277
00221.jpg,sperm,127,259,143,275
00221.jpg,sperm,81,245,99,259
00221.jpg,sperm,386,130,402,159
00221.jpg,sperm,325,117,338,132
00221.jpg,sperm,329,105,342,120
00221.jpg,sperm,344,106,365,122
00221.jpg,sperm,455,23,476,43
00221.jpg,sperm,376,5,401,18
00221.jpg,sperm,422,79,440,97
00221.jpg,sperm,410,55,426,68
00221.jpg,sperm,453,89,471,107
00221.jpg,sperm,443,108,461,126
00221.jpg,sperm,423,117,441,135
00221.jpg,sperm,534,122,549,138
00221.jpg,sperm,551,123,561,146
00221.jpg,sperm,563,67,584,86
00221.jpg,sperm,378,55,403,68
00221.jpg,sperm,497,23,518,43
00221.jpg,sperm,475,26,489,42
00221.jpg,sperm,459,141,472,160
00221.jpg,sperm,563,100,581,123
00221.jpg,sperm,468,74,484,92
00221.jpg,sperm,477,115,494,137
00221.jpg,sperm,460,118,476,141
00221.jpg,sperm,412,160,425,172
00221.jpg,sperm,417,142,428,159
00221.jpg,sperm,539,201,564,216
00221.jpg,sperm,555,188,580,203
00221.jpg,sperm,523,12,537,29
00221.jpg,sperm,529,2,541,13
00221.jpg,sperm,506,4,522,22
00221.jpg,sperm,360,221,385,236
00221.jpg,sperm,441,206,464,219
00221.jpg,sperm,435,285,458,298
00221.jpg,sperm,411,257,434,270
00221.jpg,sperm,432,247,443,271
00221.jpg,sperm,522,229,543,253
00221.jpg,sperm,516,277,533,303
00221.jpg,sperm,510,161,531,180
00221.jpg,sperm,564,242,585,261
00221.jpg,sperm,446,320,465,340
00221.jpg,sperm,447,299,468,318
00221.jpg,sperm,497,228,516,248
00221.jpg,sperm,536,316,555,336
00221.jpg,sperm,515,110,530,126
00221.jpg,sperm,476,211,485,223
00221.jpg,sperm,482,201,491,213
00221.jpg,sperm,467,199,476,211
00221.jpg,sperm,442,376,470,395
00221.jpg,sperm,492,343,503,359
00221.jpg,sperm,474,343,490,362
00221.jpg,sperm,444,395,470,410
00221.jpg,sperm,505,437,518,462
00221.jpg,sperm,440,404,450,427
00221.jpg,sperm,428,411,438,434
00221.jpg,sperm,546,419,564,429
00221.jpg,sperm,474,374,487,399
00221.jpg,sperm,407,438,420,453
00221.jpg,sperm,406,453,422,467
00221.jpg,sperm,420,463,435,475
00221.jpg,sperm,359,445,373,465
00221.jpg,sperm,531,436,550,459
00221.jpg,sperm,567,415,578,426
00221.jpg,sperm,294,327,306,346
00221.jpg,sperm,286,311,297,331
00221.jpg,sperm,75,137,97,149
00221.jpg,sperm,64,129,85,139
00229.jpg,sperm,62,105,80,122
00229.jpg,sperm,70,121,86,128
00229.jpg,sperm,309,188,325,209
00229.jpg,sperm,14,19,31,31
00229.jpg,sperm,1,9,16,23
00229.jpg,sperm,61,1,80,14
00229.jpg,sperm,17,1,32,12
00229.jpg,sperm,207,66,223,88
00229.jpg,sperm,301,27,317,49
00229.jpg,sperm,376,63,392,90
00229.jpg,sperm,401,22,417,49
00229.jpg,sperm,113,62,129,89
00229.jpg,sperm,121,98,137,125
00229.jpg,sperm,56,179,72,206
00229.jpg,sperm,60,151,76,178
00229.jpg,sperm,142,138,158,165
00229.jpg,sperm,161,139,177,166
00229.jpg,sperm,325,127,345,151
00229.jpg,sperm,377,107,397,131
00229.jpg,sperm,445,128,462,163
00229.jpg,sperm,460,79,477,114
00229.jpg,sperm,479,132,498,163
00229.jpg,sperm,240,223,259,254
00229.jpg,sperm,262,200,281,231
00229.jpg,sperm,283,287,302,318
00229.jpg,sperm,245,56,264,87
00229.jpg,sperm,138,320,160,345
00229.jpg,sperm,185,255,210,281
00229.jpg,sperm,223,156,248,182
00229.jpg,sperm,354,183,379,209
00229.jpg,sperm,336,304,361,330
00229.jpg,sperm,187,24,206,55
00229.jpg,sperm,208,30,234,49
00229.jpg,sperm,283,180,302,211
00229.jpg,sperm,322,212,337,241
00229.jpg,sperm,96,131,111,160
00229.jpg,sperm,12,127,27,156
00229.jpg,sperm,166,214,181,232
00229.jpg,sperm,331,9,354,36
00229.jpg,sperm,351,2,365,27
00229.jpg,sperm,88,59,104,86
00229.jpg,sperm,96,9,112,36
00229.jpg,sperm,80,208,105,228
00229.jpg,sperm,50,224,73,248
00229.jpg,sperm,17,204,45,219
00229.jpg,sperm,12,221,40,236
00229.jpg,sperm,302,131,321,162
00229.jpg,sperm,259,151,278,182
00229.jpg,sperm,339,263,364,285
00229.jpg,sperm,357,243,382,265
00229.jpg,sperm,81,92,96,111
00229.jpg,sperm,91,111,106,130
00229.jpg,sperm,46,268,63,285
00229.jpg,sperm,34,252,51,269
00229.jpg,sperm,119,25,134,44
00229.jpg,sperm,32,13,48,40
00229.jpg,sperm,457,239,473,266
00229.jpg,sperm,441,201,457,228
00229.jpg,sperm,474,227,490,254
00229.jpg,sperm,457,200,473,227
00229.jpg,sperm,275,90,299,117
00229.jpg,sperm,438,173,462,194
00229.jpg,sperm,492,78,506,94
00229.jpg,sperm,487,65,501,79
00229.jpg,sperm,477,53,490,67
00229.jpg,sperm,483,45,502,58
00229.jpg,sperm,60,69,83,90
00229.jpg,sperm,253,295,276,316
00229.jpg,sperm,155,191,169,212
00229.jpg,sperm,162,176,174,191
00229.jpg,sperm,171,166,186,184
00229.jpg,sperm,173,188,188,206
00229.jpg,sperm,357,140,370,155
00229.jpg,sperm,240,13,258,37
00229.jpg,sperm,390,265,404,287
00229.jpg,sperm,386,254,414,267
00229.jpg,sperm,462,269,478,296
00229.jpg,sperm,159,18,174,37
00229.jpg,sperm,90,176,115,196
00229.jpg,sperm,66,276,91,296
00229.jpg,sperm,499,28,517,52
00229.jpg,sperm,217,135,232,152
00229.jpg,sperm,109,267,128,298
00229.jpg,sperm,163,343,190,366
00229.jpg,sperm,245,361,272,384
00229.jpg,sperm,292,334,309,364
00229.jpg,sperm,58,317,85,340
00229.jpg,sperm,87,326,114,349
00229.jpg,sperm,32,344,61,360
00229.jpg,sperm,18,378,32,395
00229.jpg,sperm,181,397,208,420
00229.jpg,sperm,184,373,211,396
00229.jpg,sperm,213,423,240,446
00229.jpg,sperm,208,397,224,422
00229.jpg,sperm,471,412,487,437
00229.jpg,sperm,422,419,438,444
00229.jpg,sperm,442,452,458,477
00229.jpg,sperm,317,439,333,464
00229.jpg,sperm,149,440,170,464
00229.jpg,sperm,234,404,263,416
00229.jpg,sperm,25,456,41,473
00229.jpg,sperm,82,449,99,473
00229.jpg,sperm,97,435,114,459
00229.jpg,sperm,254,445,270,461
00229.jpg,sperm,270,433,286,449
00229.jpg,sperm,125,355,145,372
00229.jpg,sperm,404,377,424,394
00229.jpg,sperm,404,367,427,379
00229.jpg,sperm,453,338,468,362
00229.jpg,sperm,479,311,508,330
00229.jpg,sperm,433,346,448,370
00229.jpg,sperm,409,333,424,357
00229.jpg,sperm,390,324,405,348
00229.jpg,sperm,355,405,372,428
00229.jpg,sperm,371,305,386,329
00229.jpg,sperm,279,452,303,470
00229.jpg,sperm,240,456,256,472
00229.jpg,sperm,245,381,260,405
00229.jpg,sperm,360,379,375,403
00229.jpg,sperm,333,183,345,199
00229.jpg,sperm,344,198,357,222
00229.jpg,sperm,335,203,347,217
00229.jpg,sperm,316,193,330,211
00229.jpg,sperm,46,318,60,344
00229.jpg,sperm,442,318,456,339
00229.jpg,sperm,429,324,443,345
00229.jpg,sperm,418,312,440,323
00229.jpg,sperm,397,305,418,320
00229.jpg,sperm,435,1,451,28
00229.jpg,sperm,555,1,571,18
00229.jpg,sperm,564,25,580,43
00229.jpg,sperm,528,44,554,61
00229.jpg,sperm,556,46,572,64
00229.jpg,sperm,522,133,541,164
00229.jpg,sperm,547,97,566,128
00229.jpg,sperm,549,162,568,186
00229.jpg,sperm,555,215,584,231
00229.jpg,sperm,570,189,586,207
00229.jpg,sperm,515,244,531,262
00229.jpg,sperm,534,251,550,269
00229.jpg,sperm,541,227,556,247
00238.jpg,sperm,555,274,575,291
00238.jpg,sperm,570,296,586,314
00238.jpg,sperm,530,306,546,324
00238.jpg,sperm,569,346,585,364
00238.jpg,sperm,527,380,543,398
00238.jpg,sperm,250,90,274,106
00238.jpg,sperm,4,1,18,23
00238.jpg,sperm,220,154,251,178
00238.jpg,sperm,317,159,348,183
00238.jpg,sperm,439,194,470,218
00238.jpg,sperm,519,195,550,219
00238.jpg,sperm,159,39,182,66
00238.jpg,sperm,396,279,415,317
00238.jpg,sperm,512,224,529,257
00238.jpg,sperm,209,295,226,328
00238.jpg,sperm,49,315,69,347
00238.jpg,sperm,312,93,332,125
00238.jpg,sperm,241,62,258,81
00238.jpg,sperm,253,79,270,98
00238.jpg,sperm,356,95,375,119
00238.jpg,sperm,395,95,414,119
00238.jpg,sperm,394,58,413,82
00238.jpg,sperm,442,65,461,89
00238.jpg,sperm,490,43,509,67
00238.jpg,sperm,489,158,508,182
00238.jpg,sperm,350,234,369,258
00238.jpg,sperm,382,253,401,277
00238.jpg,sperm,280,233,299,257
00238.jpg,sperm,259,254,278,278
00238.jpg,sperm,528,27,547,51
00238.jpg,sperm,450,21,469,45
00238.jpg,sperm,58,31,77,55
00238.jpg,sperm,22,75,41,99
00238.jpg,sperm,272,92,291,116
00238.jpg,sperm,253,318,272,342
00238.jpg,sperm,142,158,167,187
00238.jpg,sperm,138,134,157,159
00238.jpg,sperm,156,1,179,27
00238.jpg,sperm,91,200,114,227
00238.jpg,sperm,143,204,166,231
00238.jpg,sperm,116,191,139,218
00238.jpg,sperm,14,337,37,364
00238.jpg,sperm,58,280,78,302
00238.jpg,sperm,51,257,71,279
00238.jpg,sperm,68,226,88,248
00238.jpg,sperm,41,144,61,166
00238.jpg,sperm,108,330,128,352
00238.jpg,sperm,95,48,118,75
00238.jpg,sperm,116,55,139,82
00238.jpg,sperm,3,289,26,316
00238.jpg,sperm,225,6,248,33
00238.jpg,sperm,329,419,350,450
00238.jpg,sperm,455,394,495,417
00238.jpg,sperm,356,387,396,410
00238.jpg,sperm,43,420,83,443
00238.jpg,sperm,74,447,92,472
00238.jpg,sperm,62,348,82,383
00238.jpg,sperm,394,361,413,385
00238.jpg,sperm,475,328,494,352
00238.jpg,sperm,278,380,297,404
00238.jpg,sperm,253,379,272,403
00238.jpg,sperm,202,357,221,381
00238.jpg,sperm,389,438,408,462
00238.jpg,sperm,420,452,439,476
00238.jpg,sperm,498,439,517,463
00238.jpg,sperm,253,451,272,475
00238.jpg,sperm,298,452,317,476
00266.jpg,sperm,279,289,298,313
00266.jpg,sperm,564,226,583,250
00266.jpg,sperm,561,192,580,216
00266.jpg,sperm,6,99,24,119
00266.jpg,sperm,22,99,39,113
00266.jpg,sperm,190,161,212,185
00266.jpg,sperm,63,1,88,16
00266.jpg,sperm,147,10,160,34
00266.jpg,sperm,135,32,163,44
00266.jpg,sperm,336,119,353,153
00266.jpg,sperm,321,168,338,202
00266.jpg,sperm,281,191,298,225
00266.jpg,sperm,55,46,72,80
00266.jpg,sperm,164,144,181,178
00266.jpg,sperm,411,203,428,237
00266.jpg,sperm,324,255,341,289
00266.jpg,sperm,300,33,317,67
00266.jpg,sperm,421,62,443,87
00266.jpg,sperm,102,104,124,129
00266.jpg,sperm,56,159,78,184
00266.jpg,sperm,81,257,103,282
00266.jpg,sperm,43,239,60,273
00266.jpg,sperm,230,155,247,189
00266.jpg,sperm,205,226,222,260
00266.jpg,sperm,82,71,112,89
00266.jpg,sperm,26,64,56,82
00266.jpg,sperm,75,97,105,115
00266.jpg,sperm,57,107,78,123
00266.jpg,sperm,238,85,268,103
00266.jpg,sperm,201,110,222,127
00266.jpg,sperm,224,104,245,121
00266.jpg,sperm,290,142,310,172
00266.jpg,sperm,309,134,325,158
00266.jpg,sperm,268,118,279,147
00266.jpg,sperm,277,97,288,123
00266.jpg,sperm,243,11,273,29
00266.jpg,sperm,237,30,267,48
00266.jpg,sperm,469,13,497,39
00266.jpg,sperm,359,213,387,239
00266.jpg,sperm,284,283,302,302
00266.jpg,sperm,266,277,284,296
00266.jpg,sperm,364,95,386,120
00266.jpg,sperm,384,143,406,168
00266.jpg,sperm,414,138,436,163
00266.jpg,sperm,457,181,474,209
00266.jpg,sperm,458,66,480,91
00266.jpg,sperm,446,130,461,156
00266.jpg,sperm,499,97,514,123
00266.jpg,sperm,302,212,323,238
00266.jpg,sperm,376,284,397,310
00266.jpg,sperm,330,305,357,320
00266.jpg,sperm,518,322,550,338
00266.jpg,sperm,141,122,168,137
00266.jpg,sperm,21,182,48,197
00266.jpg,sperm,490,142,517,157
00266.jpg,sperm,420,258,447,273
00266.jpg,sperm,478,255,498,279
00266.jpg,sperm,358,269,375,289
00266.jpg,sperm,382,248,399,268
00266.jpg,sperm,358,244,375,264
00266.jpg,sperm,228,222,245,242
00266.jpg,sperm,131,220,148,240
00266.jpg,sperm,114,193,140,219
00266.jpg,sperm,191,181,208,201
00266.jpg,sperm,207,200,224,220
00266.jpg,sperm,444,47,458,76
00266.jpg,sperm,384,15,405,40
00266.jpg,sperm,372,15,386,31
00266.jpg,sperm,146,323,163,357
00266.jpg,sperm,18,312,34,337
00266.jpg,sperm,15,294,29,316
00266.jpg,sperm,43,282,70,297
00266.jpg,sperm,2,222,18,242
00266.jpg,sperm,5,190,22,224
00266.jpg,sperm,3,154,19,179
00266.jpg,sperm,21,151,37,176
00266.jpg,sperm,258,355,275,385
00266.jpg,sperm,382,356,398,381
00266.jpg,sperm,192,308,219,332
00266.jpg,sperm,176,240,189,274
00266.jpg,sperm,163,235,176,260
00266.jpg,sperm,165,261,178,286
00266.jpg,sperm,15,359,32,393
00266.jpg,sperm,31,364,58,379
00266.jpg,sperm,211,282,231,301
00266.jpg,sperm,446,406,473,421
00266.jpg,sperm,222,301,236,320
00266.jpg,sperm,229,347,252,365
00266.jpg,sperm,254,385,271,415
00266.jpg,sperm,176,395,193,425
00266.jpg,sperm,122,439,139,469
00266.jpg,sperm,158,438,175,468
00266.jpg,sperm,30,409,48,432
00266.jpg,sperm,71,478,89,501
00266.jpg,sperm,101,455,116,482
00266.jpg,sperm,116,471,131,498
00266.jpg,sperm,138,475,153,502
00266.jpg,sperm,159,474,174,501
00266.jpg,sperm,201,466,216,493
00266.jpg,sperm,360,424,389,448
00266.jpg,sperm,261,445,277,479
00266.jpg,sperm,303,437,326,449
00266.jpg,sperm,510,353,526,378
00266.jpg,sperm,113,349,129,374
00266.jpg,sperm,491,70,513,90
00266.jpg,sperm,429,120,445,141
00266.jpg,sperm,452,95,466,117
00266.jpg,sperm,470,114,484,136
00266.jpg,sperm,474,98,488,116
00266.jpg,sperm,553,209,580,224
00266.jpg,sperm,530,179,552,201
00266.jpg,sperm,568,157,586,182
00266.jpg,sperm,535,70,562,91
00266.jpg,sperm,588,72,608,94
00266.jpg,sperm,545,45,565,63
00266.jpg,sperm,520,58,540,76
00266.jpg,sperm,543,26,563,44
00266.jpg,sperm,291,2,312,27
00266.jpg,sperm,312,9,330,29
00266.jpg,sperm,332,7,350,27
00266.jpg,sperm,175,222,198,234
00266.jpg,sperm,163,206,177,230
00266.jpg,sperm,536,271,563,286
00266.jpg,sperm,593,284,620,299
00266.jpg,sperm,619,161,637,183
00266.jpg,sperm,570,260,588,282
00266.jpg,sperm,550,292,568,314
00266.jpg,sperm,618,229,636,251
00266.jpg,sperm,620,125,638,147
00266.jpg,sperm,619,90,637,112
00266.jpg,sperm,618,61,636,83
00266.jpg,sperm,604,1,622,23
00266.jpg,sperm,594,32,608,63
00266.jpg,sperm,527,28,538,45
00266.jpg,sperm,517,22,530,34
00266.jpg,sperm,513,1,538,10
00266.jpg,sperm,468,297,495,312
00266.jpg,sperm,527,363,548,382
00266.jpg,sperm,571,332,592,351
00266.jpg,sperm,485,351,506,370
00266.jpg,sperm,461,372,482,391
00266.jpg,sperm,281,421,300,434
00266.jpg,sperm,270,407,285,424
00266.jpg,sperm,385,452,410,472
00266.jpg,sperm,456,483,481,503
00266.jpg,sperm,507,440,532,460
00266.jpg,sperm,452,279,477,299
00266.jpg,sperm,482,485,507,505
00266.jpg,sperm,456,502,480,517
00266.jpg,sperm,566,492,591,512
00266.jpg,sperm,567,463,592,483
00266.jpg,sperm,609,440,629,467
00266.jpg,sperm,601,422,625,442
00266.jpg,sperm,581,442,605,462
00266.jpg,sperm,237,484,258,514
00266.jpg,sperm,216,491,235,501
00266.jpg,sperm,218,502,240,512
00266.jpg,sperm,418,439,436,470
00266.jpg,sperm,408,472,431,484
00266.jpg,sperm,210,360,228,377
00266.jpg,sperm,197,341,213,359
00266.jpg,sperm,556,355,577,374
00266.jpg,sperm,106,301,122,326
00266.jpg,sperm,22,458,43,471
00266.jpg,sperm,35,448,52,461
00298.jpg,sperm,74,46,94,62
00298.jpg,sperm,204,170,217,190
00298.jpg,sperm,196,149,215,163
00298.jpg,sperm,222,124,233,147
00298.jpg,sperm,167,108,194,123
00298.jpg,sperm,593,506,609,521
00298.jpg,sperm,2,454,15,477
00298.jpg,sperm,97,177,119,202
00298.jpg,sperm,120,190,142,215
00298.jpg,sperm,76,214,98,239
00298.jpg,sperm,108,217,130,242
00298.jpg,sperm,148,265,184,290
00298.jpg,sperm,185,298,221,323
00298.jpg,sperm,262,256,288,279
00298.jpg,sperm,197,75,223,98
00298.jpg,sperm,129,52,155,75
00298.jpg,sperm,20,179,46,202
00298.jpg,sperm,535,298,563,332
00298.jpg,sperm,451,249,475,277
00298.jpg,sperm,510,231,534,259
00298.jpg,sperm,372,213,396,241
00298.jpg,sperm,132,1,156,29
00298.jpg,sperm,215,1,238,19
00298.jpg,sperm,402,1,432,19
00298.jpg,sperm,433,41,457,67
00298.jpg,sperm,485,34,509,60
00298.jpg,sperm,458,28,482,54
00298.jpg,sperm,509,78,535,104
00298.jpg,sperm,525,62,544,80
00298.jpg,sperm,374,78,393,96
00298.jpg,sperm,200,108,222,139
00298.jpg,sperm,165,103,189,123
00298.jpg,sperm,169,142,193,162
00298.jpg,sperm,271,286,295,306
00298.jpg,sperm,297,323,321,343
00298.jpg,sperm,282,86,306,106
00298.jpg,sperm,286,63,310,83
00298.jpg,sperm,303,86,318,116
00298.jpg,sperm,315,82,332,108
00298.jpg,sperm,470,91,489,109
00298.jpg,sperm,446,69,465,87
00298.jpg,sperm,157,172,176,190
00298.jpg,sperm,173,38,192,58
00298.jpg,sperm,366,200,379,216
00298.jpg,sperm,377,189,389,203
00298.jpg,sperm,412,230,432,249
00298.jpg,sperm,336,248,356,267
00298.jpg,sperm,11,265,27,296
00298.jpg,sperm,44,262,61,284
00298.jpg,sperm,49,243,67,262
00298.jpg,sperm,12,63,38,86
00298.jpg,sperm,250,222,276,245
00298.jpg,sperm,293,154,316,185
00298.jpg,sperm,486,130,502,153
00298.jpg,sperm,504,132,520,155
00298.jpg,sperm,544,189,560,219
00298.jpg,sperm,528,208,544,221
00298.jpg,sperm,504,1,522,14
00298.jpg,sperm,363,365,381,388
00298.jpg,sperm,355,328,378,358
00298.jpg,sperm,399,308,413,327
00298.jpg,sperm,380,329,399,350
00298.jpg,sperm,387,388,406,418
00298.jpg,sperm,370,427,402,443
00298.jpg,sperm,399,462,421,483
00298.jpg,sperm,427,473,449,499
00298.jpg,sperm,299,425,317,439
00298.jpg,sperm,300,459,318,474
00298.jpg,sperm,144,330,165,350
00298.jpg,sperm,99,364,127,400
00298.jpg,sperm,460,442,482,486
00298.jpg,sperm,475,418,490,442
00298.jpg,sperm,536,459,551,483
00298.jpg,sperm,518,377,537,407
00298.jpg,sperm,525,367,555,380
00298.jpg,sperm,539,346,568,366
00298.jpg,sperm,575,194,599,225
00298.jpg,sperm,565,239,589,259
00298.jpg,sperm,596,384,620,404
00298.jpg,sperm,571,393,595,413
00298.jpg,sperm,614,344,638,364
00300.jpg,sperm,577,313,597,325
00300.jpg,sperm,572,300,592,312
00300.jpg,sperm,618,64,634,89
00300.jpg,sperm,622,41,637,60
00300.jpg,sperm,364,508,384,520
00300.jpg,sperm,560,462,582,483
00300.jpg,sperm,615,497,637,518
00300.jpg,sperm,59,81,83,107
00300.jpg,sperm,202,28,226,54
00300.jpg,sperm,110,133,134,159
00300.jpg,sperm,261,134,283,164
00300.jpg,sperm,295,138,317,168
00300.jpg,sperm,300,188,322,218
00300.jpg,sperm,292,3,314,33
00300.jpg,sperm,397,122,418,157
00300.jpg,sperm,368,116,387,148
00300.jpg,sperm,531,51,550,83
00300.jpg,sperm,345,81,364,113
00300.jpg,sperm,420,87,439,119
00300.jpg,sperm,120,40,139,72
00300.jpg,sperm,349,259,368,291
00300.jpg,sperm,158,236,177,268
00300.jpg,sperm,104,267,123,299
00300.jpg,sperm,37,290,58,319
00300.jpg,sperm,346,210,374,233
00300.jpg,sperm,463,286,490,314
00300.jpg,sperm,405,288,443,310
00300.jpg,sperm,527,157,566,182
00300.jpg,sperm,463,120,497,138
00300.jpg,sperm,253,219,287,237
00300.jpg,sperm,117,157,138,190
00300.jpg,sperm,473,250,494,283
00300.jpg,sperm,185,218,206,251
00300.jpg,sperm,146,177,170,217
00300.jpg,sperm,3,255,30,284
00300.jpg,sperm,33,202,58,218
00300.jpg,sperm,56,199,65,229
00300.jpg,sperm,262,103,286,129
00300.jpg,sperm,369,57,405,81
00300.jpg,sperm,425,60,461,84
00300.jpg,sperm,519,283,555,307
00300.jpg,sperm,227,200,250,229
00300.jpg,sperm,251,194,269,212
00300.jpg,sperm,240,62,254,105
00300.jpg,sperm,269,45,284,72
00300.jpg,sperm,294,72,309,90
00300.jpg,sperm,268,85,281,101
00300.jpg,sperm,358,19,394,43
00300.jpg,sperm,394,33,415,57
00300.jpg,sperm,414,5,424,38
00300.jpg,sperm,259,323,287,345
00300.jpg,sperm,62,157,81,178
00300.jpg,sperm,15,183,37,207
00300.jpg,sperm,12,232,30,251
00300.jpg,sperm,2,214,20,233
00300.jpg,sperm,123,298,141,314
00300.jpg,sperm,147,308,163,326
00300.jpg,sperm,138,258,155,286
00300.jpg,sperm,363,233,398,253
00300.jpg,sperm,367,198,399,214
00300.jpg,sperm,432,208,466,233
00300.jpg,sperm,430,180,448,208
00300.jpg,sperm,470,180,486,197
00300.jpg,sperm,448,176,466,188
00300.jpg,sperm,455,186,467,211
00300.jpg,sperm,476,147,496,164
00300.jpg,sperm,499,130,518,149
00300.jpg,sperm,86,92,105,124
00300.jpg,sperm,213,276,232,308
00300.jpg,sperm,95,20,114,52
00300.jpg,sperm,4,45,23,77
00300.jpg,sperm,366,280,376,307
00300.jpg,sperm,370,262,382,279
00300.jpg,sperm,147,153,166,170
00300.jpg,sperm,21,335,42,364
00300.jpg,sperm,87,360,122,384
00300.jpg,sperm,52,372,85,392
00300.jpg,sperm,50,348,69,371
00300.jpg,sperm,89,412,124,436
00300.jpg,sperm,23,424,58,448
00300.jpg,sperm,116,442,141,472
00300.jpg,sperm,209,405,234,435
00300.jpg,sperm,238,360,263,390
00300.jpg,sperm,182,355,207,385
00300.jpg,sperm,183,329,207,353
00300.jpg,sperm,307,400,332,430
00300.jpg,sperm,393,343,418,381
00300.jpg,sperm,354,367,375,399
00300.jpg,sperm,369,339,399,357
00300.jpg,sperm,416,331,441,350
00300.jpg,sperm,499,318,526,332
00300.jpg,sperm,509,333,527,349
00300.jpg,sperm,527,309,554,323
00300.jpg,sperm,478,16,499,39
00300.jpg,sperm,547,441,567,469
00300.jpg,sperm,509,473,535,500
00300.jpg,sperm,486,459,506,487
00300.jpg,sperm,425,399,442,440
00300.jpg,sperm,338,407,359,437
00300.jpg,sperm,361,401,385,426
00300.jpg,sperm,373,443,397,468
00300.jpg,sperm,348,437,372,462
00300.jpg,sperm,270,465,295,485
00300.jpg,sperm,66,484,91,502
00300.jpg,sperm,159,362,177,391
00300.jpg,sperm,139,384,167,404
00300.jpg,sperm,123,379,139,397
00300.jpg,sperm,134,365,154,380
00300.jpg,sperm,136,351,161,365
00300.jpg,sperm,5,467,35,486
00300.jpg,sperm,2,497,27,516
00300.jpg,sperm,19,487,39,500
00300.jpg,sperm,38,486,58,503
00300.jpg,sperm,65,463,90,483
00300.jpg,sperm,147,486,172,506
00300.jpg,sperm,227,455,256,484
00300.jpg,sperm,355,350,369,368
00300.jpg,sperm,451,403,469,438
00300.jpg,sperm,269,484,294,495
00300.jpg,sperm,171,495,183,518
00300.jpg,sperm,486,398,506,430
00300.jpg,sperm,379,480,399,512
00300.jpg,sperm,225,504,246,519
00300.jpg,sperm,424,479,444,511
00300.jpg,sperm,199,239,228,265
00300.jpg,sperm,594,462,614,490
00300.jpg,sperm,604,428,633,445
00300.jpg,sperm,581,313,600,330
00300.jpg,sperm,579,289,601,312
00300.jpg,sperm,580,233,601,265
00300.jpg,sperm,565,269,596,283
00300.jpg,sperm,566,280,581,293
00300.jpg,sperm,598,151,619,183
00300.jpg,sperm,579,150,600,182
00300.jpg,sperm,598,112,619,144
00311.jpg,sperm,572,58,593,90
00311.jpg,sperm,593,63,608,94
00311.jpg,sperm,610,67,627,90
00311.jpg,sperm,603,39,620,62
00311.jpg,sperm,621,37,638,60
00311.jpg,sperm,544,1,562,17
00311.jpg,sperm,595,4,612,27
00311.jpg,sperm,90,22,111,47
00311.jpg,sperm,32,19,63,41
00311.jpg,sperm,102,112,124,132
00311.jpg,sperm,117,159,136,185
00311.jpg,sperm,220,148,239,174
00311.jpg,sperm,270,117,289,143
00311.jpg,sperm,330,54,349,80
00311.jpg,sperm,346,28,365,54
00311.jpg,sperm,374,39,402,61
00311.jpg,sperm,168,78,196,100
00311.jpg,sperm,197,10,225,32
00311.jpg,sperm,169,4,187,30
00311.jpg,sperm,219,93,237,119
00311.jpg,sperm,308,278,326,304
00311.jpg,sperm,219,314,237,340
00311.jpg,sperm,349,295,367,321
00311.jpg,sperm,332,293,350,319
00311.jpg,sperm,404,282,422,308
00311.jpg,sperm,385,295,403,321
00311.jpg,sperm,253,355,271,381
00311.jpg,sperm,120,283,139,302
00311.jpg,sperm,125,277,161,289
00311.jpg,sperm,291,229,309,255
00311.jpg,sperm,230,238,248,264
00311.jpg,sperm,274,198,301,221
00311.jpg,sperm,300,209,325,228
00311.jpg,sperm,369,75,400,98
00311.jpg,sperm,358,141,381,161
00311.jpg,sperm,407,128,430,148
00311.jpg,sperm,380,124,399,147
00311.jpg,sperm,423,157,442,188
00311.jpg,sperm,400,157,415,181
00311.jpg,sperm,371,189,390,220
00311.jpg,sperm,328,138,350,157
00311.jpg,sperm,222,173,260,191
00311.jpg,sperm,99,162,115,182
00311.jpg,sperm,107,74,123,94
00311.jpg,sperm,126,59,142,79
00311.jpg,sperm,156,51,186,76
00311.jpg,sperm,246,19,266,37
00311.jpg,sperm,267,18,287,36
00311.jpg,sperm,29,208,47,234
00311.jpg,sperm,211,214,235,244
00311.jpg,sperm,400,262,427,279
00311.jpg,sperm,471,252,504,271
00311.jpg,sperm,452,185,485,204
00311.jpg,sperm,413,198,431,214
00311.jpg,sperm,390,180,407,203
00311.jpg,sperm,350,164,372,183
00311.jpg,sperm,276,69,294,95
00311.jpg,sperm,275,95,293,115
00311.jpg,sperm,509,34,537,56
00311.jpg,sperm,579,45,605,78
00311.jpg,sperm,519,60,542,76
00311.jpg,sperm,508,55,521,79
00311.jpg,sperm,582,94,602,119
00311.jpg,sperm,559,105,579,130
00311.jpg,sperm,553,130,573,155
00311.jpg,sperm,589,166,609,191
00311.jpg,sperm,569,165,589,190
00311.jpg,sperm,544,188,564,213
00311.jpg,sperm,519,187,539,212
00311.jpg,sperm,614,116,634,141
00311.jpg,sperm,584,142,610,163
00311.jpg,sperm,622,144,636,163
00311.jpg,sperm,179,259,199,277
00311.jpg,sperm,162,259,179,277
00311.jpg,sperm,400,332,433,351
00311.jpg,sperm,601,264,634,283
00311.jpg,sperm,530,239,563,258
00311.jpg,sperm,568,241,587,261
00311.jpg,sperm,583,286,602,316
00311.jpg,sperm,615,309,634,333
00311.jpg,sperm,602,354,621,384
00311.jpg,sperm,585,368,603,389
00311.jpg,sperm,534,350,553,380
00311.jpg,sperm,58,318,76,344
00311.jpg,sperm,74,336,112,354
00311.jpg,sperm,86,356,124,374
00311.jpg,sperm,213,342,240,359
00311.jpg,sperm,38,287,65,304
00311.jpg,sperm,62,302,89,319
00311.jpg,sperm,517,285,543,309
00311.jpg,sperm,539,292,562,307
00311.jpg,sperm,548,264,567,286
00311.jpg,sperm,1,213,19,239
00311.jpg,sperm,340,86,358,112
00311.jpg,sperm,370,7,395,28
00311.jpg,sperm,416,13,441,34
00311.jpg,sperm,422,1,443,16
00311.jpg,sperm,394,10,408,24
00311.jpg,sperm,477,131,499,150
00311.jpg,sperm,480,85,502,104
00311.jpg,sperm,460,105,482,124
00311.jpg,sperm,486,106,508,125
00311.jpg,sperm,596,219,618,238
00311.jpg,sperm,502,149,524,168
00311.jpg,sperm,495,177,517,196
00311.jpg,sperm,504,166,517,179
00311.jpg,sperm,123,398,161,416
00311.jpg,sperm,81,414,98,444
00311.jpg,sperm,44,367,61,397
00311.jpg,sperm,116,455,133,485
00311.jpg,sperm,70,481,87,511
00311.jpg,sperm,16,482,33,512
00311.jpg,sperm,2,455,19,485
00311.jpg,sperm,8,424,25,454
00311.jpg,sperm,21,453,38,483
00311.jpg,sperm,33,484,48,510
00311.jpg,sperm,43,458,60,488
00311.jpg,sperm,43,427,60,457
00311.jpg,sperm,170,485,187,515
00311.jpg,sperm,130,487,147,517
00311.jpg,sperm,154,500,171,516
00311.jpg,sperm,317,449,355,467
00311.jpg,sperm,401,468,439,486
00311.jpg,sperm,419,446,457,464
00311.jpg,sperm,370,438,398,455
00311.jpg,sperm,363,327,396,346
00311.jpg,sperm,408,384,441,403
00311.jpg,sperm,378,358,399,391
00311.jpg,sperm,508,410,529,443
00311.jpg,sperm,237,442,260,460
00311.jpg,sperm,219,400,257,418
00311.jpg,sperm,184,419,217,436
00311.jpg,sperm,195,436,216,454
00311.jpg,sperm,220,379,249,398
00311.jpg,sperm,351,401,380,420
00311.jpg,sperm,444,407,473,426
00311.jpg,sperm,466,448,489,479
00311.jpg,sperm,489,421,501,456
00311.jpg,sperm,493,412,510,436
00311.jpg,sperm,232,461,257,488
00311.jpg,sperm,275,479,298,507
00311.jpg,sperm,250,492,275,506
00311.jpg,sperm,230,504,250,518
00311.jpg,sperm,327,394,348,412
00311.jpg,sperm,299,413,328,432
00311.jpg,sperm,323,362,344,395
00311.jpg,sperm,304,371,325,404
00311.jpg,sperm,143,346,163,369
00311.jpg,sperm,186,320,206,343
00311.jpg,sperm,180,362,200,385
00311.jpg,sperm,551,414,571,437
00311.jpg,sperm,595,458,615,481
00311.jpg,sperm,610,445,630,468
00311.jpg,sperm,317,481,337,504
00311.jpg,sperm,5,369,25,392
00311.jpg,sperm,440,353,460,376
00367.jpg,sperm,139,129,167,154
00367.jpg,sperm,123,121,139,144
00367.jpg,sperm,73,193,91,219
00367.jpg,sperm,170,215,188,241
00367.jpg,sperm,618,207,640,226
00367.jpg,sperm,76,1,93,19
00367.jpg,sperm,1,56,20,78
00367.jpg,sperm,267,70,293,104
00367.jpg,sperm,349,177,380,197
00367.jpg,sperm,468,206,499,226
00367.jpg,sperm,568,213,599,233
00367.jpg,sperm,250,172,281,192
00367.jpg,sperm,384,144,415,164
00367.jpg,sperm,531,83,554,109
00367.jpg,sperm,421,213,444,239
00367.jpg,sperm,433,290,456,316
00367.jpg,sperm,555,240,582,278
00367.jpg,sperm,176,42,199,73
00367.jpg,sperm,339,101,362,132
00367.jpg,sperm,156,174,181,199
00367.jpg,sperm,52,350,78,380
00367.jpg,sperm,50,59,73,82
00367.jpg,sperm,24,79,45,106
00367.jpg,sperm,522,278,543,305
00367.jpg,sperm,430,330,451,357
00367.jpg,sperm,535,9,556,36
00367.jpg,sperm,612,60,633,87
00367.jpg,sperm,436,52,457,79
00367.jpg,sperm,179,6,200,33
00367.jpg,sperm,212,153,233,180
00367.jpg,sperm,148,333,169,360
00367.jpg,sperm,85,352,106,379
00367.jpg,sperm,58,219,79,246
00367.jpg,sperm,30,236,51,263
00367.jpg,sperm,65,185,86,212
00367.jpg,sperm,130,208,151,235
00367.jpg,sperm,141,133,162,160
00367.jpg,sperm,116,135,137,162
00367.jpg,sperm,304,104,325,131
00367.jpg,sperm,308,180,329,207
00367.jpg,sperm,485,352,506,379
00367.jpg,sperm,308,323,329,350
00367.jpg,sperm,316,298,337,325
00367.jpg,sperm,243,289,270,302
00367.jpg,sperm,282,239,303,266
00367.jpg,sperm,216,230,237,257
00367.jpg,sperm,170,274,191,301
00367.jpg,sperm,153,255,181,276
00367.jpg,sperm,301,148,322,175
00367.jpg,sperm,269,132,290,159
00367.jpg,sperm,233,144,254,171
00367.jpg,sperm,58,283,79,310
00367.jpg,sperm,5,8,26,35
00367.jpg,sperm,71,1,93,14
00367.jpg,sperm,26,9,47,36
00367.jpg,sperm,368,122,383,147
00367.jpg,sperm,245,302,272,315
00367.jpg,sperm,17,365,43,395
00367.jpg,sperm,60,380,86,410
00367.jpg,sperm,6,413,32,443
00367.jpg,sperm,78,487,104,517
00367.jpg,sperm,49,459,93,480
00367.jpg,sperm,494,428,538,449
00367.jpg,sperm,414,473,444,495
00367.jpg,sperm,383,425,402,445
00367.jpg,sperm,404,427,432,445
00367.jpg,sperm,431,416,454,431
00367.jpg,sperm,430,400,455,415
00367.jpg,sperm,489,381,514,396
00367.jpg,sperm,300,418,321,445
00367.jpg,sperm,318,394,339,421
00204.jpg,sperm,200,411,217,429
00204.jpg,sperm,212,393,236,411
00204.jpg,sperm,230,411,254,429
00204.jpg,sperm,357,460,378,490
00204.jpg,sperm,288,484,308,505
00204.jpg,sperm,456,498,476,519
00204.jpg,sperm,537,452,557,473
